,Location,x,y
3,Ambohipo,47.558239,-18.927835
4,Analakely,47.526928,-18.906546
5,Analamahitsy,47.547493,-18.870942
6,Andravohangy,47.531532,-18.896231
8,Anosibe,47.513121,-18.924989
9,Isotry,47.515882,-18.911778
10,Mahazo,47.560344,-18.893747
11,Mandroseza,47.550256,-18.935717
13,Paraky,47.524117,-18.920096
14,Petite vitesse,47.519479,-18.9
15,Soamanantombo,47.518468,-18.914412